2018/11/29 9:57,快递员救五人,432603,NEW
2018/11/29 9:57,张韶涵神预言,404349,
2018/11/29 9:57,四川网络水军案,305098,NEW
2018/11/29 9:57,王霜亚洲足球小姐,246340,NEW
2018/11/29 9:57,梅西欧冠第106球,206298,NEW
2018/11/29 9:57,skt散伙饭,202609,
2018/11/29 9:57,金立面临破产重组,195950,NEW
2018/11/29 9:57,贾乃亮回应传闻,155818,
2018/11/29 9:57,印度ofo收购,151049,
2018/11/29 9:57,贝克汉姆晒小七,147630,
2018/11/29 9:57,铁建76亿元合同,147270,NEW
2018/11/29 9:57,车艺莲父亲诈骗,143401,
2018/11/29 9:57,苗侨伟晒全家福,140881,
2018/11/29 9:57,巴萨锁定头名,140161,NEW
2018/11/29 9:57,陈羽凡吸毒被抓,140071,
2018/11/29 9:57,杨幂被制成娃娃,139892,
2018/11/29 9:57,小宇泽角膜捐献,139532,
2018/11/29 9:57,藏医药浴法 非遗,139442,NEW
2018/11/29 9:57,酒店暗藏摄像头,134763,
2018/11/29 9:57,黑河首起恶势力案,133773,
2018/11/29 9:57,俄中学生汉语考试,133323,
2018/11/29 9:57,老年艾滋病上涨,132423,
2018/11/29 9:57,张俪新恋情曝光,131883,
2018/11/29 9:57,薛之谦 李小璐,131163,
2018/11/29 9:57,陈羽凡公司致歉,128554,
2018/11/29 9:57,陈羽凡吸毒辟谣,128104,
2018/11/29 9:57,三亚极限跳水开赛,126844,NEW
2018/11/29 9:57,猎豹监听外拨电话,126304,NEW
2018/11/29 9:57,肖央女装,123335,
2018/11/29 9:57,乌克兰承认挑衅,121805,
2018/11/29 9:57,斯坦李死因揭晓,120275,
2018/11/29 9:57,中国男篮12人名单,117216,NEW
2018/11/29 9:57,贾乃亮姐姐发文,116046,
2018/11/29 9:57,张家口市爆炸原因,115416,
2018/11/29 9:57,海南离岛旅客免税,115326,
2018/11/29 9:57,及川光博檀丽离婚,114157,NEW
2018/11/29 9:57,app收集个人信息,113617,
2018/11/29 9:57,齐达内 中国大妈,111367,
2018/11/29 9:57,悉尼暴雨,110827,
2018/11/29 9:57,李雨桐删微博,110647,
2018/11/29 9:57,詹姆斯惨败,109748,
2018/11/29 9:57,月球碎石纽约拍卖,107948,
2018/11/29 9:57,半马回应抄近道,107858,
2018/11/29 9:57,通用汽车裁员,107858,
2018/11/29 9:57,郭可盈48岁生日宴,107498,
2018/11/29 9:57,奈雪怼喜茶抄袭,107318,
2018/11/29 9:57,易烊千玺生日会,105878,NEW
2018/11/29 9:57,韩朝组建手球联队,103449,
2018/11/29 9:57,李雨桐怼薛之谦,103089,
2018/11/29 9:57,活塞 尼克斯,102279,
2018/11/29 10:12,张韶涵神预言,451475,
2018/11/29 10:12,快递员救五人,447590,NEW
2018/11/29 10:12,四川网络水军案,309879,NEW
2018/11/29 10:12,胡海泉深夜再发声,261265,NEW
2018/11/29 10:12,金立面临破产重组,224126,NEW
2018/11/29 10:12,蒋劲夫被逮捕,219518,
2018/11/29 10:12,王霜亚洲足球小姐,213825,NEW
2018/11/29 10:12,杨幂被制成娃娃,201536,
2018/11/29 10:12,铁建76亿元合同,186987,NEW
2018/11/29 10:12,巴萨锁定头名,149397,NEW
2018/11/29 10:12,skt散伙饭,147228,
2018/11/29 10:12,梅西欧冠第106球,146686,NEW
2018/11/29 10:12,陈羽凡吸毒被抓,144879,
2018/11/29 10:12,车艺莲父亲诈骗,142620,
2018/11/29 10:12,印度ofo收购,141174,
2018/11/29 10:12,苗侨伟晒全家福,138825,
2018/11/29 10:12,贾乃亮回应传闻,138734,
2018/11/29 10:12,藏医药浴法 非遗,138554,NEW
2018/11/29 10:12,贝克汉姆晒小七,137198,
2018/11/29 10:12,小宇泽角膜捐献,136204,
2018/11/29 10:12,黑河首起恶势力案,133584,
2018/11/29 10:12,俄中学生汉语考试,133313,
2018/11/29 10:12,酒店暗藏摄像头,132319,
2018/11/29 10:12,老年艾滋病上涨,131596,
2018/11/29 10:12,张俪新恋情曝光,131325,
2018/11/29 10:12,陈羽凡公司致歉,128343,
2018/11/29 10:12,陈羽凡吸毒辟谣,127078,
2018/11/29 10:12,三亚极限跳水开赛,124006,NEW
2018/11/29 10:12,猎豹监听外拨电话,123373,NEW
2018/11/29 10:12,肖央女装,122831,
2018/11/29 10:12,海南离岛旅客免税,122379,
2018/11/29 10:12,乌克兰承认挑衅,120210,
2018/11/29 10:12,斯坦李死因揭晓,118765,
2018/11/29 10:12,中国男篮12人名单,114698,NEW
2018/11/29 10:12,贾乃亮姐姐发文,114427,
2018/11/29 10:12,张家口市爆炸原因,113795,
2018/11/29 10:12,及川光博檀丽离婚,112530,NEW
2018/11/29 10:12,app收集个人信息,111987,
2018/11/29 10:12,悉尼暴雨,109186,
2018/11/29 10:12,李雨桐删微博,109006,
2018/11/29 10:12,詹姆斯惨败,108192,
2018/11/29 10:12,齐达内 中国大妈,107831,
2018/11/29 10:12,郭可盈48岁生日宴,106656,
2018/11/29 10:12,半马回应抄近道,106295,
2018/11/29 10:12,通用汽车裁员,106295,
2018/11/29 10:12,月球碎石纽约拍卖,105933,
2018/11/29 10:12,韩朝组建手球联队,105662,
2018/11/29 10:12,奈雪怼喜茶抄袭,105662,
2018/11/29 10:12,薛之谦 李小璐,105301,
2018/11/29 10:12,易烊千玺生日会,105210,NEW
2018/11/29 10:27,胡海泉深夜再发声,454698,NEW
2018/11/29 10:27,张韶涵神预言,388553,
2018/11/29 10:27,快递员救五人,372600,NEW
2018/11/29 10:27,蒋劲夫被逮捕,348896,
2018/11/29 10:27,四川网络水军案,287792,NEW
2018/11/29 10:27,金立面临破产重组,244297,NEW
2018/11/29 10:27,王霜亚洲足球小姐,191170,NEW
2018/11/29 10:27,skt散伙饭,174389,
2018/11/29 10:27,梅西欧冠第106球,152190,NEW
2018/11/29 10:27,骑士交易科沃尔,149782,NEW
2018/11/29 10:27,陈羽凡吸毒辟谣,140301,
2018/11/29 10:27,陈羽凡吸毒被抓,131948,
2018/11/29 10:27,杨幂被制成娃娃,131722,
2018/11/29 10:27,车艺莲父亲诈骗,127734,
2018/11/29 10:27,铁建76亿元合同,127658,NEW
2018/11/29 10:27,印度ofo收购,126379,
2018/11/29 10:27,贾乃亮回应传闻,124347,
2018/11/29 10:27,苗侨伟晒全家福,124272,
2018/11/29 10:27,贝克汉姆晒小七,121413,
2018/11/29 10:27,酒店暗藏摄像头,120585,
2018/11/29 10:27,巴萨锁定头名,120284,NEW
2018/11/29 10:27,俄中学生汉语考试,119908,
2018/11/29 10:27,黑河首起恶势力案,119832,
2018/11/29 10:27,老年艾滋病上涨,118403,
2018/11/29 10:27,张俪新恋情曝光,117876,
2018/11/29 10:27,小宇泽角膜捐献,115844,
2018/11/29 10:27,陈羽凡公司致歉,115769,
2018/11/29 10:27,藏医药浴法 非遗,115693,NEW
2018/11/29 10:27,猎豹监听外拨电话,111028,NEW
2018/11/29 10:27,肖央女装,110802,
2018/11/29 10:27,海南离岛旅客免税,110275,
2018/11/29 10:27,乌克兰承认挑衅,108394,
2018/11/29 10:27,斯坦李死因揭晓,107265,
2018/11/29 10:27,贺建奎 基因峰会,105685,
2018/11/29 10:27,中国男篮12人名单,103879,NEW
2018/11/29 10:27,三亚极限跳水开赛,103729,NEW
2018/11/29 10:27,贾乃亮姐姐发文,103653,
2018/11/29 10:27,张家口市爆炸原因,103051,
2018/11/29 10:27,及川光博檀丽离婚,101998,NEW
2018/11/29 10:27,app收集个人信息,101622,
2018/11/29 10:27,悉尼暴雨,99289,
2018/11/29 10:27,李雨桐删微博,99138,
2018/11/29 10:27,詹姆斯惨败,98461,
2018/11/29 10:27,齐达内 中国大妈,97934,
2018/11/29 10:27,郭可盈48岁生日宴,97332,
2018/11/29 10:27,半马回应抄近道,96881,
2018/11/29 10:27,通用汽车裁员,96881,
2018/11/29 10:27,月球碎石纽约拍卖,96580,
2018/11/29 10:27,奈雪怼喜茶抄袭,96354,
2018/11/29 10:27,韩朝组建手球联队,96279,
2018/11/29 10:42,胡海泉深夜再发声,468732,NEW
2018/11/29 10:42,蒋劲夫被逮捕,362227,
2018/11/29 10:42,张韶涵神预言,338051,
2018/11/29 10:42,快递员救五人,296275,NEW
2018/11/29 10:42,四川网络水军案,265780,NEW
2018/11/29 10:42,金立面临破产重组,210207,NEW
2018/11/29 10:42,王霜亚洲足球小姐,180035,NEW
2018/11/29 10:42,skt散伙饭,154957,
2018/11/29 10:42,陈羽凡吸毒辟谣,152249,
2018/11/29 10:42,梅西欧冠第106球,138710,NEW
2018/11/29 10:42,骑士交易科沃尔,134648,NEW
2018/11/29 10:42,杨幂被制成娃娃,120659,
2018/11/29 10:42,陈羽凡吸毒被抓,119949,
2018/11/29 10:42,车艺莲父亲诈骗,116919,
2018/11/29 10:42,铁建76亿元合同,116597,NEW
2018/11/29 10:42,印度ofo收购,116017,
2018/11/29 10:42,贾乃亮回应传闻,113954,
2018/11/29 10:42,贺建奎 基因峰会,112600,
2018/11/29 10:42,酒店暗藏摄像头,111891,
2018/11/29 10:42,苗侨伟晒全家福,110988,
2018/11/29 10:42,俄中学生汉语考试,110924,
2018/11/29 10:42,巴萨锁定头名,110343,NEW
2018/11/29 10:42,黑河首起恶势力案,110279,
2018/11/29 10:42,老年艾滋病上涨,110150,
2018/11/29 10:42,贝克汉姆晒小七,109763,
2018/11/29 10:42,张俪新恋情曝光,108603,
2018/11/29 10:42,小宇泽角膜捐献,106475,
2018/11/29 10:42,陈羽凡公司致歉,103252,
2018/11/29 10:42,藏医药浴法 非遗,102607,NEW
2018/11/29 10:42,猎豹监听外拨电话,102478,NEW
2018/11/29 10:42,肖央女装,102220,
2018/11/29 10:42,海南离岛旅客免税,101511,
2018/11/29 10:42,乌克兰承认挑衅,100028,
2018/11/29 10:42,斯坦李死因揭晓,99061,
2018/11/29 10:42,中国男篮12人名单,96160,NEW
2018/11/29 10:42,贾乃亮姐姐发文,95967,
2018/11/29 10:42,张家口市爆炸原因,95515,
2018/11/29 10:42,及川光博檀丽离婚,94548,NEW
2018/11/29 10:42,app收集个人信息,94226,
2018/11/29 10:42,悉尼暴雨,92227,
2018/11/29 10:42,李雨桐删微博,92098,
2018/11/29 10:42,三亚极限跳水开赛,91905,NEW
2018/11/29 10:42,詹姆斯惨败,91389,
2018/11/29 10:42,齐达内 中国大妈,91002,
2018/11/29 10:42,郭可盈48岁生日宴,90616,
2018/11/29 10:42,半马回应抄近道,90100,
2018/11/29 10:42,月球碎石纽约拍卖,89906,
2018/11/29 10:42,奈雪怼喜茶抄袭,89713,
2018/11/29 10:42,韩朝组建手球联队,89648,
2018/11/29 10:42,通用汽车裁员,89520,
2018/11/29 10:57,胡海泉深夜再发声,451471,NEW
2018/11/29 10:57,蒋劲夫被逮捕,357048,
2018/11/29 10:57,张韶涵神预言,353449,
2018/11/29 10:57,快递员救五人,304535,NEW
2018/11/29 10:57,四川网络水军案,271046,
2018/11/29 10:57,金立面临破产重组,227081,NEW
2018/11/29 10:57,王霜亚洲足球小姐,181702,NEW
2018/11/29 10:57,贾乃亮回应传闻,154706,
2018/11/29 10:57,贺建奎 基因峰会,153806,
2018/11/29 10:57,酒店暗藏摄像头,152071,
2018/11/29 10:57,梅西欧冠第106球,140179,NEW
2018/11/29 10:57,杨幂被制成娃娃,122053,
2018/11/29 10:57,陈羽凡吸毒被抓,120832,
2018/11/29 10:57,车艺莲父亲诈骗,118583,
2018/11/29 10:57,铁建76亿元合同,118197,
2018/11/29 10:57,印度ofo收购,117940,
2018/11/29 10:57,skt散伙饭,115240,
2018/11/29 10:57,陈羽凡吸毒辟谣,113762,
2018/11/29 10:57,骑士交易科沃尔,113248,NEW
2018/11/29 10:57,俄中学生汉语考试,112283,
2018/11/29 10:57,苗侨伟晒全家福,112155,
2018/11/29 10:57,奈雪怼喜茶抄袭,112026,
2018/11/29 10:57,老年艾滋病上涨,111834,
2018/11/29 10:57,黑河首起恶势力案,111834,
2018/11/29 10:57,巴萨锁定头名,111512,NEW
2018/11/29 10:57,张俪新恋情曝光,110162,
2018/11/29 10:57,贝克汉姆晒小七,109712,
2018/11/29 10:57,小宇泽角膜捐献,105856,
2018/11/29 10:57,撒切尔夫人 英镑,105534,
2018/11/29 10:57,肖央女装,103413,
2018/11/29 10:57,海南离岛旅客免税,102321,
2018/11/29 10:57,郭富城默认怀二胎,101742,
2018/11/29 10:57,陈羽凡公司致歉,101485,
2018/11/29 10:57,乌克兰承认挑衅,101228,
2018/11/29 10:57,猎豹监听外拨电话,101164,
2018/11/29 10:57,藏医药浴法 非遗,100907,NEW
2018/11/29 10:57,中国男篮12人名单,97371,NEW
2018/11/29 10:57,贾乃亮姐姐发文,97178,
2018/11/29 10:57,张家口市爆炸原因,96664,
2018/11/29 10:57,及川光博檀丽离婚,95764,NEW
2018/11/29 10:57,app收集个人信息,95250,
2018/11/29 10:57,悉尼暴雨,93515,
2018/11/29 10:57,李雨桐删微博,93322,
2018/11/29 10:57,詹姆斯惨败,92615,
2018/11/29 10:57,齐达内 中国大妈,91844,
2018/11/29 10:57,郭可盈48岁生日宴,91844,
2018/11/29 10:57,半马回应抄近道,91329,
2018/11/29 10:57,月球碎石纽约拍卖,91136,
2018/11/29 10:57,三亚极限跳水开赛,91072,NEW
2018/11/29 10:57,韩朝组建手球联队,90879,
2018/11/29 11:12,胡海泉深夜再发声,439724,NEW
2018/11/29 11:12,张韶涵神预言,419406,
2018/11/29 11:12,蒋劲夫被逮捕,339489,
2018/11/29 11:12,快递员救五人,321128,NEW
2018/11/29 11:12,胡歌发文谈蒋劲夫,307508,NEW
2018/11/29 11:12,四川网络水军案,291329,
2018/11/29 11:12,金立面临破产重组,251973,NEW
2018/11/29 11:12,陈羽凡吸毒被抓,202984,
2018/11/29 11:12,车艺莲父亲诈骗,170928,
2018/11/29 11:12,印度ofo收购,169046,
2018/11/29 11:12,梅西欧冠第106球,154071,NEW
2018/11/29 11:12,骑士交易科沃尔,145342,NEW
2018/11/29 11:12,杨幂被制成娃娃,133302,
2018/11/29 11:12,王霜亚洲足球小姐,131195,NEW
2018/11/29 11:12,陈羽凡吸毒辟谣,128862,
2018/11/29 11:12,skt散伙饭,128561,
2018/11/29 11:12,铁建76亿元合同,127132,
2018/11/29 11:12,贾乃亮回应传闻,125025,
2018/11/29 11:12,贺建奎 基因峰会,123444,
2018/11/29 11:12,酒店暗藏摄像头,122617,
2018/11/29 11:12,俄中学生汉语考试,122090,
2018/11/29 11:12,老年艾滋病上涨,121112,
2018/11/29 11:12,奈雪怼喜茶抄袭,120811,
2018/11/29 11:12,巴萨锁定头名,120434,NEW
2018/11/29 11:12,苗侨伟晒全家福,118929,
2018/11/29 11:12,张俪新恋情曝光,117801,
2018/11/29 11:12,黑河首起恶势力案,116295,
2018/11/29 11:12,撒切尔夫人 英镑,116070,
2018/11/29 11:12,贝克汉姆晒小七,115618,
2018/11/29 11:12,温格经纪人现身,113963,NEW
2018/11/29 11:12,小宇泽角膜捐献,113210,
2018/11/29 11:12,肖央女装,110125,
2018/11/29 11:12,海南离岛旅客免税,108695,
2018/11/29 11:12,陈羽凡公司致歉,108620,
2018/11/29 11:12,乌克兰承认挑衅,108394,
2018/11/29 11:12,猎豹监听外拨电话,108168,
2018/11/29 11:12,藏医药浴法 非遗,104632,NEW
2018/11/29 11:12,中国男篮12人名单,103954,NEW
2018/11/29 11:12,贾乃亮姐姐发文,103653,
2018/11/29 11:12,郭富城默认怀二胎,103051,
2018/11/29 11:12,及川光博檀丽离婚,101998,NEW
2018/11/29 11:12,app收集个人信息,101321,
2018/11/29 11:12,浙大女生被害案,100493,NEW
2018/11/29 11:12,张家口市爆炸原因,99515,
2018/11/29 11:12,悉尼暴雨,99364,
2018/11/29 11:12,李雨桐删微博,98461,
2018/11/29 11:12,郭可盈48岁生日宴,97408,
2018/11/29 11:12,詹姆斯惨败,97332,
2018/11/29 11:12,半马回应抄近道,96806,
2018/11/29 11:12,月球碎石纽约拍卖,96580,
2018/11/29 11:27,坚持抄完四大名著,461369,NEW
2018/11/29 11:27,胡海泉深夜再发声,426339,NEW
2018/11/29 11:27,浙大女生被害案,400371,NEW
2018/11/29 11:27,张韶涵神预言,380059,
2018/11/29 11:27,俞灏明力挺蒋劲夫,358463,NEW
2018/11/29 11:27,胡歌发文谈蒋劲夫,356534,NEW
2018/11/29 11:27,温格经纪人现身,314562,NEW
2018/11/29 11:27,金立面临破产重组,306656,NEW
2018/11/29 11:27,王霜亚洲足球小姐,292579,NEW
2018/11/29 11:27,陈羽凡吸毒辟谣,273489,
2018/11/29 11:27,蒋劲夫被逮捕,224575,
2018/11/29 11:27,快递员救五人,182409,NEW
2018/11/29 11:27,四川网络水军案,155413,
2018/11/29 11:27,skt散伙饭,152135,
2018/11/29 11:27,梅西欧冠第106球,140308,NEW
2018/11/29 11:27,骑士交易科沃尔,132981,NEW
2018/11/29 11:27,杨幂被制成娃娃,122889,
2018/11/29 11:27,陈羽凡吸毒被抓,120189,
2018/11/29 11:27,车艺莲父亲诈骗,118775,
2018/11/29 11:27,印度ofo收购,118711,
2018/11/29 11:27,贾乃亮回应传闻,115690,
2018/11/29 11:27,铁建76亿元合同,115240,
2018/11/29 11:27,贺建奎 基因峰会,114147,
2018/11/29 11:27,酒店暗藏摄像头,113505,
2018/11/29 11:27,俄中学生汉语考试,113183,
2018/11/29 11:27,奈雪怼喜茶抄袭,112412,
2018/11/29 11:27,老年艾滋病上涨,112219,
2018/11/29 11:27,巴萨锁定头名,111512,
2018/11/29 11:27,张俪新恋情曝光,109262,
2018/11/29 11:27,苗侨伟晒全家福,109262,
2018/11/29 11:27,撒切尔夫人 英镑,108555,
2018/11/29 11:27,贝克汉姆晒小七,105920,
2018/11/29 11:27,黑河首起恶势力案,105920,
2018/11/29 11:27,小宇泽角膜捐献,105277,
2018/11/29 11:27,肖央女装,102706,
2018/11/29 11:27,海南离岛旅客免税,101549,
2018/11/29 11:27,陈羽凡公司致歉,101421,
2018/11/29 11:27,乌克兰承认挑衅,101228,
2018/11/29 11:27,猎豹监听外拨电话,100971,
2018/11/29 11:27,中国男篮12人名单,97436,NEW
2018/11/29 11:27,郭富城默认怀二胎,96857,
2018/11/29 11:27,藏医药浴法 非遗,96150,
2018/11/29 11:27,及川光博檀丽离婚,95700,
2018/11/29 11:27,app收集个人信息,95186,
2018/11/29 11:27,悉尼暴雨,93515,
2018/11/29 11:27,李雨桐删微博,93000,
2018/11/29 11:27,郭可盈48岁生日宴,91779,
2018/11/29 11:27,詹姆斯惨败,91651,
2018/11/29 11:27,半马回应抄近道,91329,
2018/11/29 11:27,张家口市爆炸原因,91265,
2018/11/29 11:42,坚持抄完四大名著,461369,NEW
2018/11/29 11:42,胡海泉深夜再发声,426339,
2018/11/29 11:42,浙大女生被害案,400371,NEW
2018/11/29 11:42,张韶涵神预言,379288,
2018/11/29 11:42,俞灏明力挺蒋劲夫,358463,NEW
2018/11/29 11:42,胡歌发文谈蒋劲夫,356534,NEW
2018/11/29 11:42,温格经纪人现身,314562,NEW
2018/11/29 11:42,蒋劲夫被逮捕,306656,
2018/11/29 11:42,快递员救五人,292579,
2018/11/29 11:42,四川网络水军案,273489,
2018/11/29 11:42,金立面临破产重组,224575,NEW
2018/11/29 11:42,王霜亚洲足球小姐,182409,NEW
2018/11/29 11:42,陈羽凡吸毒辟谣,155413,
2018/11/29 11:42,skt散伙饭,150142,
2018/11/29 11:42,梅西欧冠第106球,140308,
2018/11/29 11:42,骑士交易科沃尔,132981,NEW
2018/11/29 11:42,杨幂被制成娃娃,122889,
2018/11/29 11:42,陈羽凡吸毒被抓,119225,
2018/11/29 11:42,车艺莲父亲诈骗,118775,
2018/11/29 11:42,印度ofo收购,118711,
2018/11/29 11:42,贾乃亮回应传闻,115626,
2018/11/29 11:42,铁建76亿元合同,115240,
2018/11/29 11:42,贺建奎 基因峰会,114147,
2018/11/29 11:42,酒店暗藏摄像头,113505,
2018/11/29 11:42,俄中学生汉语考试,113183,
2018/11/29 11:42,奈雪怼喜茶抄袭,112348,
2018/11/29 11:42,老年艾滋病上涨,112219,
2018/11/29 11:42,巴萨锁定头名,111512,
2018/11/29 11:42,张俪新恋情曝光,109262,
2018/11/29 11:42,苗侨伟晒全家福,109134,
2018/11/29 11:42,撒切尔夫人 英镑,108555,
2018/11/29 11:42,黑河首起恶势力案,105920,
2018/11/29 11:42,小宇泽角膜捐献,105277,
2018/11/29 11:42,肖央女装,102706,
2018/11/29 11:42,贝克汉姆晒小七,102385,
2018/11/29 11:42,海南离岛旅客免税,101549,
2018/11/29 11:42,陈羽凡公司致歉,101421,
2018/11/29 11:42,乌克兰承认挑衅,101228,
2018/11/29 11:42,猎豹监听外拨电话,100971,
2018/11/29 11:42,中国男篮12人名单,97436,NEW
2018/11/29 11:42,藏医药浴法 非遗,96150,
2018/11/29 11:42,app收集个人信息,95186,
2018/11/29 11:42,悉尼暴雨,93515,
2018/11/29 11:42,郭富城默认怀二胎,93129,
2018/11/29 11:42,郭可盈48岁生日宴,91779,
2018/11/29 11:42,半马回应抄近道,91329,
2018/11/29 11:42,张家口市爆炸原因,91265,
2018/11/29 11:42,月球碎石纽约拍卖,91201,
2018/11/29 11:42,韩朝组建手球联队,90815,
2018/11/29 11:42,薛之谦 李小璐,90815,
2018/11/29 11:57,胡海泉深夜再发声,449542,
2018/11/29 11:57,邓亚萍谈下跪门,412455,NEW
2018/11/29 11:57,浙大女生被害案,397350,NEW
2018/11/29 11:57,俞灏明力挺蒋劲夫,392529,NEW
2018/11/29 11:57,张韶涵神预言,392336,
2018/11/29 11:57,坚持抄完四大名著,389894,NEW
2018/11/29 11:57,胡歌发文谈蒋劲夫,360584,NEW
2018/11/29 11:57,普京特朗普会谈,305949,NEW
2018/11/29 11:57,王霜亚洲足球小姐,292258,
2018/11/29 11:57,陈羽凡吸毒辟谣,277217,
2018/11/29 11:57,景甜蔡徐坤撞脸,276510,NEW
2018/11/29 11:57,白宫红色圣诞树,261598,NEW
2018/11/29 11:57,海南免税增至3万,260312,NEW
2018/11/29 11:57,金立面临破产重组,226053,
2018/11/29 11:57,男篮合并首战,220718,NEW
2018/11/29 11:57,温格经纪人现身,220139,NEW
2018/11/29 11:57,蒋劲夫被逮捕,194493,
2018/11/29 11:57,快递员救五人,183052,
2018/11/29 11:57,四川网络水军案,157470,
2018/11/29 11:57,skt散伙饭,149821,
2018/11/29 11:57,梅西欧冠第106球,140308,
2018/11/29 11:57,骑士交易科沃尔,133173,NEW
2018/11/29 11:57,杨幂被制成娃娃,123146,
2018/11/29 11:57,印度ofo收购,119611,
2018/11/29 11:57,车艺莲父亲诈骗,119032,
2018/11/29 11:57,贾乃亮回应传闻,116140,
2018/11/29 11:57,铁建76亿元合同,115690,
2018/11/29 11:57,酒店暗藏摄像头,114919,
2018/11/29 11:57,贺建奎 基因峰会,114469,
2018/11/29 11:57,俄中学生汉语考试,114019,
2018/11/29 11:57,巴萨锁定头名,111769,
2018/11/29 11:57,奈雪怼喜茶抄袭,111319,
2018/11/29 11:57,苗侨伟晒全家福,107591,
2018/11/29 11:57,撒切尔夫人 英镑,107013,
2018/11/29 11:57,黑河首起恶势力案,105856,
2018/11/29 11:57,小宇泽角膜捐献,105020,
2018/11/29 11:57,肖央女装,102771,
2018/11/29 11:57,海南离岛旅客免税,101742,
2018/11/29 11:57,陈羽凡公司致歉,101485,
2018/11/29 11:57,贝克汉姆晒小七,101292,
2018/11/29 11:57,乌克兰承认挑衅,101228,
2018/11/29 11:57,猎豹监听外拨电话,100778,
2018/11/29 11:57,陈羽凡吸毒被抓,98400,
2018/11/29 11:57,中国男篮12人名单,97371,NEW
2018/11/29 11:57,藏医药浴法 非遗,96214,
2018/11/29 11:57,app收集个人信息,95186,
2018/11/29 11:57,悉尼暴雨,93450,
2018/11/29 11:57,老年艾滋病上涨,92936,
2018/11/29 11:57,郭可盈48岁生日宴,91779,
2018/11/29 11:57,张俪新恋情曝光,91458,
2018/11/29 12:12,胡海泉深夜再发声,446586,
2018/11/29 12:12,俞灏明力挺蒋劲夫,419011,NEW
2018/11/29 12:12,坚持抄完四大名著,391051,NEW
2018/11/29 12:12,张韶涵神预言,387901,
2018/11/29 12:12,胡歌发文谈蒋劲夫,351264,
2018/11/29 12:12,浙大女生被害案,346764,NEW
2018/11/29 12:12,邓亚萍谈下跪门,344965,NEW
2018/11/29 12:12,温格经纪人现身,306463,NEW
2018/11/29 12:12,王霜亚洲足球小姐,293093,
2018/11/29 12:12,海南免税增至3万,278438,NEW
2018/11/29 12:12,景甜蔡徐坤撞脸,231259,NEW
2018/11/29 12:12,金立面临破产重组,227274,
2018/11/29 12:12,白宫红色圣诞树,217890,NEW
2018/11/29 12:12,蒋劲夫被逮捕,213776,
2018/11/29 12:12,快递员救五人,183373,
2018/11/29 12:12,四川网络水军案,174053,
2018/11/29 12:12,蒋劲夫案件不属实,163962,NEW
2018/11/29 12:12,普京特朗普会谈,163448,NEW
2018/11/29 12:12,陈羽凡吸毒辟谣,157920,
2018/11/29 12:12,skt散伙饭,149050,
2018/11/29 12:12,男篮合并首战,144936,NEW
2018/11/29 12:12,梅西欧冠第106球,140565,
2018/11/29 12:12,骑士交易科沃尔,133173,
2018/11/29 12:12,杨幂被制成娃娃,123275,
2018/11/29 12:12,车艺莲父亲诈骗,119290,
2018/11/29 12:12,印度ofo收购,117683,
2018/11/29 12:12,贾乃亮回应传闻,116204,
2018/11/29 12:12,铁建76亿元合同,115883,
2018/11/29 12:12,酒店暗藏摄像头,115497,
2018/11/29 12:12,俄中学生汉语考试,114662,
2018/11/29 12:12,贺建奎 基因峰会,114405,
2018/11/29 12:12,奈雪怼喜茶抄袭,111834,
2018/11/29 12:12,巴萨锁定头名,111769,
2018/11/29 12:12,撒切尔夫人 英镑,107077,
2018/11/29 12:12,苗侨伟晒全家福,105984,
2018/11/29 12:12,黑河首起恶势力案,104185,
2018/11/29 12:12,小宇泽角膜捐献,103992,
2018/11/29 12:12,肖央女装,102771,
2018/11/29 12:12,海南离岛旅客免税,101935,
2018/11/29 12:12,乌克兰承认挑衅,101228,
2018/11/29 12:12,贝克汉姆晒小七,101035,
2018/11/29 12:12,猎豹监听外拨电话,100585,
2018/11/29 12:12,陈羽凡公司致歉,98850,
2018/11/29 12:12,陈羽凡吸毒被抓,98078,
2018/11/29 12:12,醉酒乘客抢方向盘,97307,NEW
2018/11/29 12:12,app收集个人信息,95186,
2018/11/29 12:12,藏医药浴法 非遗,94222,
2018/11/29 12:12,老年艾滋病上涨,93129,
2018/11/29 12:12,悉尼暴雨,93129,
2018/11/29 12:12,中国男篮12人名单,92422,NEW
2018/11/29 12:27,蒋劲夫案件不属实,454724,NEW
2018/11/29 12:27,胡海泉深夜再发声,407199,
2018/11/29 12:27,俞灏明力挺蒋劲夫,387739,NEW
2018/11/29 12:27,坚持抄完四大名著,379752,
2018/11/29 12:27,张韶涵神预言,348762,
2018/11/29 12:27,湖北阳新县车祸,334983,NEW
2018/11/29 12:27,浙大女生被害案,327502,
2018/11/29 12:27,醉酒乘客抢方向盘,326827,NEW
2018/11/29 12:27,蒋劲夫被逮捕,323397,
2018/11/29 12:27,快递员救五人,314341,
2018/11/29 12:27,邓亚萍谈下跪门,302980,NEW
2018/11/29 12:27,火箭4连败,274521,NEW
2018/11/29 12:27,胡歌发文谈蒋劲夫,263048,
2018/11/29 12:27,四川网络水军案,249887,
2018/11/29 12:27,景甜蔡徐坤撞脸,211754,NEW
2018/11/29 12:27,男篮合并首战,208211,NEW
2018/11/29 12:27,金立面临破产重组,205455,
2018/11/29 12:27,白宫红色圣诞树,197131,NEW
2018/11/29 12:27,温格经纪人现身,193700,NEW
2018/11/29 12:27,海南免税增至3万,184701,NEW
2018/11/29 12:27,王霜亚洲足球小姐,166816,
2018/11/29 12:27,普京特朗普会谈,149043,NEW
2018/11/29 12:27,陈羽凡吸毒辟谣,144431,
2018/11/29 12:27,skt散伙饭,136557,
2018/11/29 12:27,梅西欧冠第106球,129302,
2018/11/29 12:27,骑士交易科沃尔,122778,
2018/11/29 12:27,杨幂被制成娃娃,114004,
2018/11/29 12:27,车艺莲父亲诈骗,110629,
2018/11/29 12:27,印度ofo收购,109336,
2018/11/29 12:27,铁建76亿元合同,107761,
2018/11/29 12:27,酒店暗藏摄像头,107255,
2018/11/29 12:27,俄中学生汉语考试,106580,
2018/11/29 12:27,贺建奎 基因峰会,106524,
2018/11/29 12:27,奈雪怼喜茶抄袭,104105,
2018/11/29 12:27,巴萨锁定头名,104049,
2018/11/29 12:27,苗侨伟晒全家福,98931,
2018/11/29 12:27,黑河首起恶势力案,97412,
2018/11/29 12:27,小宇泽角膜捐献,97187,
2018/11/29 12:27,肖央女装,96175,
2018/11/29 12:27,海南离岛旅客免税,95388,
2018/11/29 12:27,乌克兰承认挑衅,94825,
2018/11/29 12:27,贝克汉姆晒小七,94600,
2018/11/29 12:27,猎豹监听外拨电话,94263,
2018/11/29 12:27,陈羽凡公司致歉,92519,
2018/11/29 12:27,陈羽凡吸毒被抓,92013,
2018/11/29 12:27,贾乃亮回应传闻,90607,
2018/11/29 12:27,app收集个人信息,89538,
2018/11/29 12:27,藏医药浴法 非遗,88695,
2018/11/29 12:27,悉尼暴雨,87682,
2018/11/29 12:27,老年艾滋病上涨,87682,
2018/11/29 12:42,胡海泉深夜再发声,446232,
2018/11/29 12:42,坚持抄完四大名著,403810,
2018/11/29 12:42,俞灏明力挺蒋劲夫,390594,NEW
2018/11/29 12:42,张韶涵神预言,387242,
2018/11/29 12:42,蒋劲夫案件不属实,378732,NEW
2018/11/29 12:42,邓亚萍谈下跪门,370673,NEW
2018/11/29 12:42,浙大女生被害案,369383,
2018/11/29 12:42,胡歌发文谈蒋劲夫,346948,
2018/11/29 12:42,蒋劲夫被逮捕,306396,
2018/11/29 12:42,快递员救五人,293051,
2018/11/29 12:42,四川网络水军案,278223,
2018/11/29 12:42,醉酒乘客抢方向盘,274290,NEW
2018/11/29 12:42,景甜蔡徐坤撞脸,235351,NEW
2018/11/29 12:42,金立面临破产重组,227163,
2018/11/29 12:42,白宫红色圣诞树,217750,NEW
2018/11/29 12:42,温格经纪人现身,213366,NEW
2018/11/29 12:42,男篮合并首战,208660,NEW
2018/11/29 12:42,海南免税增至3万,203502,NEW
2018/11/29 12:42,湖北阳新县车祸,194154,NEW
2018/11/29 12:42,王霜亚洲足球小姐,182808,
2018/11/29 12:42,白百何曝新恋情,175329,NEW
2018/11/29 12:42,普京特朗普会谈,163209,NEW
2018/11/29 12:42,火箭4连败,157793,NEW
2018/11/29 12:42,skt散伙饭,146704,
2018/11/29 12:42,梅西欧冠第106球,139871,
2018/11/29 12:42,骑士交易科沃尔,132199,
2018/11/29 12:42,陈羽凡吸毒辟谣,124720,
2018/11/29 12:42,杨幂被制成娃娃,120594,
2018/11/29 12:42,车艺莲父亲诈骗,118209,
2018/11/29 12:42,印度ofo收购,116790,
2018/11/29 12:42,铁建76亿元合同,114856,
2018/11/29 12:42,酒店暗藏摄像头,114083,
2018/11/29 12:42,俄中学生汉语考试,113631,
2018/11/29 12:42,贺建奎 基因峰会,111697,
2018/11/29 12:42,奈雪怼喜茶抄袭,110795,
2018/11/29 12:42,巴萨锁定头名,110601,
2018/11/29 12:42,威少三双历史第三,108603,NEW
2018/11/29 12:42,朱婷24岁生日,106926,NEW
2018/11/29 12:42,苗侨伟晒全家福,103510,
2018/11/29 12:42,黑河首起恶势力案,102994,
2018/11/29 12:42,小宇泽角膜捐献,102736,
2018/11/29 12:42,肖央女装,101575,
2018/11/29 12:42,海南离岛旅客免税,100673,
2018/11/29 12:42,乌克兰承认挑衅,99964,
2018/11/29 12:42,贝克汉姆晒小七,99770,
2018/11/29 12:42,猎豹监听外拨电话,99319,
2018/11/29 12:42,陈羽凡公司致歉,97191,
2018/11/29 12:42,陈羽凡吸毒被抓,96482,
2018/11/29 12:42,贾乃亮回应传闻,95193,
2018/11/29 12:42,app收集个人信息,93968,
2018/11/29 12:57,胡海泉深夜再发声,452306,
2018/11/29 12:57,蒋劲夫案件不属实,442022,NEW
2018/11/29 12:57,坚持抄完四大名著,411426,
2018/11/29 12:57,俞灏明力挺蒋劲夫,407120,
2018/11/29 12:57,白百何曝新恋情,396450,NEW
2018/11/29 12:57,张韶涵神预言,393429,
2018/11/29 12:57,邓亚萍谈下跪门,374146,NEW
2018/11/29 12:57,火箭4连败,370675,NEW
2018/11/29 12:57,景甜蔡徐坤撞脸,347728,
2018/11/29 12:57,金立面临破产重组,307106,
2018/11/29 12:57,朱婷24岁生日,302028,NEW
2018/11/29 12:57,快递员救五人,293993,
2018/11/29 12:57,四川网络水军案,278953,
2018/11/29 12:57,醉酒乘客抢方向盘,275160,NEW
2018/11/29 12:57,威少三双历史第三,272075,NEW
2018/11/29 12:57,湖北阳新县车祸,261984,NEW
2018/11/29 12:57,浙大女生被害案,238587,
2018/11/29 12:57,胡歌发文谈蒋劲夫,237044,
2018/11/29 12:57,蒋劲夫被逮捕,227981,
2018/11/29 12:57,白宫红色圣诞树,218468,NEW
2018/11/29 12:57,温格经纪人现身,214290,
2018/11/29 12:57,男篮合并首战,209662,NEW
2018/11/29 12:57,海南免税增至3万,204263,NEW
2018/11/29 12:57,王霜亚洲足球小姐,183952,
2018/11/29 12:57,普京特朗普会谈,164090,NEW
2018/11/29 12:57,skt散伙饭,147700,
2018/11/29 12:57,梅西欧冠第106球,140951,
2018/11/29 12:57,骑士交易科沃尔,133302,
2018/11/29 12:57,陈羽凡吸毒辟谣,125974,
2018/11/29 12:57,杨幂被制成娃娃,121668,
2018/11/29 12:57,车艺莲父亲诈骗,119354,
2018/11/29 12:57,印度ofo收购,117940,
2018/11/29 12:57,铁建76亿元合同,115883,
2018/11/29 12:57,酒店暗藏摄像头,115304,
2018/11/29 12:57,俄中学生汉语考试,114726,
2018/11/29 12:57,贺建奎 基因峰会,112862,
2018/11/29 12:57,奈雪怼喜茶抄袭,111962,
2018/11/29 12:57,巴萨锁定头名,111769,
2018/11/29 12:57,苗侨伟晒全家福,104699,
2018/11/29 12:57,黑河首起恶势力案,104056,
2018/11/29 12:57,小宇泽角膜捐献,103928,
2018/11/29 12:57,肖央女装,102771,
2018/11/29 12:57,海南离岛旅客免税,101871,
2018/11/29 12:57,乌克兰承认挑衅,101164,
2018/11/29 12:57,贝克汉姆晒小七,100971,
2018/11/29 12:57,猎豹监听外拨电话,100457,
2018/11/29 12:57,陈羽凡公司致歉,98335,
2018/11/29 12:57,陈羽凡吸毒被抓,97628,
2018/11/29 12:57,贾乃亮回应传闻,96407,
2018/11/29 12:57,app收集个人信息,95122,
2018/11/29 13:12,胡海泉深夜再发声,442750,
2018/11/29 13:12,坚持抄完四大名著,403101,
2018/11/29 13:12,蒋劲夫案件不属实,396396,NEW
2018/11/29 13:12,张韶涵神预言,388402,
2018/11/29 13:12,俞灏明力挺蒋劲夫,382084,
2018/11/29 13:12,白百何曝新恋情,380795,NEW
2018/11/29 13:12,邓亚萍谈下跪门,378216,NEW
2018/11/29 13:12,景甜蔡徐坤撞脸,371253,
2018/11/29 13:12,湖北阳新县车祸,347335,NEW
2018/11/29 13:12,金立面临破产重组,306654,
2018/11/29 13:12,快递员救五人,293502,
2018/11/29 13:12,四川网络水军案,277385,
2018/11/29 13:12,醉酒乘客抢方向盘,241604,NEW
2018/11/29 13:12,浙大女生被害案,237285,
2018/11/29 13:12,胡歌发文谈蒋劲夫,229871,
2018/11/29 13:12,蒋劲夫被逮捕,227163,
2018/11/29 13:12,朱婷24岁生日,222328,NEW
2018/11/29 13:12,白宫红色圣诞树,218266,NEW
2018/11/29 13:12,火箭4连败,214011,NEW
2018/11/29 13:12,温格经纪人现身,213366,
2018/11/29 13:12,男篮合并首战,208853,NEW
2018/11/29 13:12,海南免税增至3万,203180,NEW
2018/11/29 13:12,威少三双历史第三,201762,NEW
2018/11/29 13:12,王霜亚洲足球小姐,183130,
2018/11/29 13:12,普京特朗普会谈,163660,NEW
2018/11/29 13:12,skt散伙饭,145222,
2018/11/29 13:12,梅西欧冠第106球,139935,
2018/11/29 13:12,骑士交易科沃尔,132263,
2018/11/29 13:12,陈羽凡吸毒辟谣,124978,
2018/11/29 13:12,杨幂被制成娃娃,120078,
2018/11/29 13:12,车艺莲父亲诈骗,118209,
2018/11/29 13:12,印度ofo收购,116790,
2018/11/29 13:12,酒店暗藏摄像头,114212,
2018/11/29 13:12,铁建76亿元合同,113889,
2018/11/29 13:12,俄中学生汉语考试,113567,
2018/11/29 13:12,贺建奎 基因峰会,111697,
2018/11/29 13:12,奈雪怼喜茶抄袭,110795,
2018/11/29 13:12,巴萨锁定头名,110601,
2018/11/29 13:12,黑河首起恶势力案,102929,
2018/11/29 13:12,小宇泽角膜捐献,102736,
2018/11/29 13:12,苗侨伟晒全家福,101511,
2018/11/29 13:12,肖央女装,101511,
2018/11/29 13:12,乌克兰承认挑衅,99964,
2018/11/29 13:12,贝克汉姆晒小七,99706,
2018/11/29 13:12,海南离岛旅客免税,97901,
2018/11/29 13:12,陈羽凡公司致歉,97127,
2018/11/29 13:12,陈羽凡吸毒被抓,96289,
2018/11/29 13:12,猎豹监听外拨电话,96031,
2018/11/29 13:12,贾乃亮回应传闻,95193,
2018/11/29 13:12,app收集个人信息,93968,
2018/11/29 13:27,蒋劲夫案件不属实,472618,NEW
2018/11/29 13:27,胡海泉深夜再发声,449157,
2018/11/29 13:27,坚持抄完四大名著,409048,
2018/11/29 13:27,白百何曝新恋情,404485,NEW
2018/11/29 13:27,张韶涵神预言,393236,
2018/11/29 13:27,俞灏明力挺蒋劲夫,375753,
2018/11/29 13:27,邓亚萍谈下跪门,374853,NEW
2018/11/29 13:27,快递员救五人,372796,
2018/11/29 13:27,四川网络水军案,348243,
2018/11/29 13:27,醉酒乘客抢方向盘,307427,NEW
2018/11/29 13:27,浙大女生被害案,294379,
2018/11/29 13:27,胡歌发文谈蒋劲夫,278438,
2018/11/29 13:27,蒋劲夫被逮捕,251185,
2018/11/29 13:27,景甜蔡徐坤撞脸,238908,
2018/11/29 13:27,雷霆 骑士,232352,NEW
2018/11/29 13:27,湖北阳新县车祸,231259,NEW
2018/11/29 13:27,欧盟谴责俄罗斯,228110,NEW
2018/11/29 13:27,金立面临破产重组,228110,
2018/11/29 13:27,白宫红色圣诞树,219561,
2018/11/29 13:27,温格经纪人现身,214290,
2018/11/29 13:27,火箭4连败,214226,NEW
2018/11/29 13:27,朱婷24岁生日,213005,NEW
2018/11/29 13:27,男篮合并首战,209727,NEW
2018/11/29 13:27,海南免税增至3万,204713,NEW
2018/11/29 13:27,中甲队欠薪3年,197321,NEW
2018/11/29 13:27,威少三双历史第三,191858,NEW
2018/11/29 13:27,王霜亚洲足球小姐,184209,
2018/11/29 13:27,普京特朗普会谈,164605,
2018/11/29 13:27,skt散伙饭,146414,
2018/11/29 13:27,梅西欧冠第106球,141079,
2018/11/29 13:27,骑士交易科沃尔,133366,
2018/11/29 13:27,陈羽凡吸毒辟谣,126103,
2018/11/29 13:27,杨幂被制成娃娃,121154,
2018/11/29 13:27,车艺莲父亲诈骗,119418,
2018/11/29 13:27,印度ofo收购,117940,
2018/11/29 13:27,酒店暗藏摄像头,115369,
2018/11/29 13:27,铁建76亿元合同,114919,
2018/11/29 13:27,俄中学生汉语考试,114726,
2018/11/29 13:27,贺建奎 基因峰会,112862,
2018/11/29 13:27,奈雪怼喜茶抄袭,111962,
2018/11/29 13:27,巴萨锁定头名,111769,
2018/11/29 13:27,黑河首起恶势力案,104056,
2018/11/29 13:27,小宇泽角膜捐献,103928,
2018/11/29 13:27,苗侨伟晒全家福,102642,
2018/11/29 13:27,肖央女装,102642,
2018/11/29 13:27,乌克兰承认挑衅,100971,
2018/11/29 13:27,贝克汉姆晒小七,100971,
2018/11/29 13:27,海南离岛旅客免税,99107,
2018/11/29 13:27,陈羽凡公司致歉,98335,
2018/11/29 13:27,陈羽凡吸毒被抓,97436,
2018/11/29 13:42,蒋劲夫案件不属实,458481,NEW
2018/11/29 13:42,胡海泉深夜再发声,436368,
2018/11/29 13:42,坚持抄完四大名著,409742,
2018/11/29 13:42,白百何曝新恋情,393818,NEW
2018/11/29 13:42,张韶涵神预言,387822,
2018/11/29 13:42,俞灏明力挺蒋劲夫,378345,
2018/11/29 13:42,浙大女生被害案,374219,
2018/11/29 13:42,邓亚萍谈下跪门,372607,NEW
2018/11/29 13:42,胡歌发文谈蒋劲夫,348624,
2018/11/29 13:42,蒋劲夫被逮捕,307106,
2018/11/29 13:42,快递员救五人,293954,
2018/11/29 13:42,失踪女孩遗体找到,286088,NEW
2018/11/29 13:42,四川网络水军案,278030,
2018/11/29 13:42,醉酒乘客抢方向盘,251017,NEW
2018/11/29 13:42,景甜蔡徐坤撞脸,242378,
2018/11/29 13:42,湖北阳新县车祸,231482,NEW
2018/11/29 13:42,金立面临破产重组,227485,
2018/11/29 13:42,白宫红色圣诞树,219813,
2018/11/29 13:42,温格经纪人现身,214462,
2018/11/29 13:42,朱婷24岁生日,213753,NEW
2018/11/29 13:42,火箭4连败,213108,NEW
2018/11/29 13:42,男篮合并首战,210078,
2018/11/29 13:42,海南免税增至3万,204469,NEW
2018/11/29 13:42,威少三双历史第三,192607,NEW
2018/11/29 13:42,王霜亚洲足球小姐,183323,
2018/11/29 13:42,欧盟谴责俄罗斯,169269,NEW
2018/11/29 13:42,普京特朗普会谈,163853,
2018/11/29 13:42,平台刷新闻赚现金,160759,NEW
2018/11/29 13:42,雷霆 骑士,157471,NEW
2018/11/29 13:42,中甲队欠薪3年,151604,NEW
2018/11/29 13:42,skt散伙饭,144319,
2018/11/29 13:42,梅西欧冠第106球,140000,
2018/11/29 13:42,骑士交易科沃尔,132263,
2018/11/29 13:42,陈羽凡吸毒辟谣,124011,
2018/11/29 13:42,杨幂被制成娃娃,119563,
2018/11/29 13:42,印度ofo收购,116790,
2018/11/29 13:42,酒店暗藏摄像头,114405,
2018/11/29 13:42,铁建76亿元合同,113760,
2018/11/29 13:42,俄中学生汉语考试,113567,
2018/11/29 13:42,巴萨锁定头名,110601,
2018/11/29 13:42,奈雪怼喜茶抄袭,110150,
2018/11/29 13:42,贺建奎 基因峰会,108925,
2018/11/29 13:42,小宇泽角膜捐献,102736,
2018/11/29 13:42,肖央女装,101446,
2018/11/29 13:42,苗侨伟晒全家福,99899,
2018/11/29 13:42,贝克汉姆晒小七,99706,
2018/11/29 13:42,海南离岛旅客免税,97901,
2018/11/29 13:42,车艺莲父亲诈骗,97385,
2018/11/29 13:42,陈羽凡公司致歉,97063,
2018/11/29 13:42,陈羽凡吸毒被抓,96160,
2018/11/29 13:57,蒋劲夫案件不属实,464905,
2018/11/29 13:57,白百何曝新恋情,441958,NEW
2018/11/29 13:57,胡海泉深夜再发声,438358,
2018/11/29 13:57,坚持抄完四大名著,417726,
2018/11/29 13:57,张韶涵神预言,390858,
2018/11/29 13:57,俞灏明力挺蒋劲夫,379095,
2018/11/29 13:57,邓亚萍谈下跪门,377167,
2018/11/29 13:57,平台刷新闻赚现金,375046,NEW
2018/11/29 13:57,湖北阳新县车祸,365662,NEW
2018/11/29 13:57,金立面临破产重组,349528,
2018/11/29 13:57,蒋劲夫被逮捕,307748,
2018/11/29 13:57,快递员救五人,294572,
2018/11/29 13:57,四川网络水军案,278631,
2018/11/29 13:57,鹈鹕vs奇才,259284,NEW
2018/11/29 13:57,醉酒乘客抢方向盘,251892,
2018/11/29 13:57,景甜蔡徐坤撞脸,244243,
2018/11/29 13:57,浙大女生被害案,234152,
2018/11/29 13:57,失踪女孩遗体找到,232545,NEW
2018/11/29 13:57,胡歌发文谈蒋劲夫,228495,
2018/11/29 13:57,白宫红色圣诞树,220589,
2018/11/29 13:57,温格经纪人现身,215319,
2018/11/29 13:57,朱婷24岁生日,214547,NEW
2018/11/29 13:57,火箭4连败,213969,NEW
2018/11/29 13:57,男篮合并首战,211526,
2018/11/29 13:57,海南免税增至3万,205870,
2018/11/29 13:57,威少三双历史第三,193786,NEW
2018/11/29 13:57,欧盟谴责俄罗斯,190572,NEW
2018/11/29 13:57,王霜亚洲足球小姐,184273,
2018/11/29 13:57,雷霆 骑士,171932,NEW
2018/11/29 13:57,普京特朗普会谈,164862,
2018/11/29 13:57,中甲队欠薪3年,153485,NEW
2018/11/29 13:57,skt散伙饭,145257,
2018/11/29 13:57,梅西欧冠第106球,141079,
2018/11/29 13:57,骑士交易科沃尔,133366,
2018/11/29 13:57,陈羽凡吸毒辟谣,125010,
2018/11/29 13:57,杨幂被制成娃娃,120511,
2018/11/29 13:57,印度ofo收购,117940,
2018/11/29 13:57,酒店暗藏摄像头,115562,
2018/11/29 13:57,铁建76亿元合同,114790,
2018/11/29 13:57,巴萨锁定头名,111769,
2018/11/29 13:57,奈雪怼喜茶抄袭,111319,
2018/11/29 13:57,贺建奎 基因峰会,110098,
2018/11/29 13:57,小宇泽角膜捐献,103799,
2018/11/29 13:57,苗侨伟晒全家福,101099,
2018/11/29 13:57,贝克汉姆晒小七,100907,
2018/11/29 13:57,海南离岛旅客免税,99042,
2018/11/29 13:57,车艺莲父亲诈骗,98593,
2018/11/29 13:57,陈羽凡公司致歉,97757,
2018/11/29 13:57,陈羽凡吸毒被抓,97307,
2018/11/29 13:57,猎豹监听外拨电话,97050,
2018/11/29 14:12,蒋劲夫案件不属实,478724,
2018/11/29 14:12,白百何曝新恋情,473003,NEW
2018/11/29 14:12,坚持抄完四大名著,433923,
2018/11/29 14:12,胡海泉深夜再发声,433538,
2018/11/29 14:12,张韶涵神预言,390022,
2018/11/29 14:12,邓亚萍谈下跪门,384495,
2018/11/29 14:12,俞灏明力挺蒋劲夫,380574,
2018/11/29 14:12,醉酒乘客抢方向盘,377103,
2018/11/29 14:12,景甜蔡徐坤撞脸,370997,
2018/11/29 14:12,平台刷新闻赚现金,351328,NEW
2018/11/29 14:12,蒋劲夫被逮捕,308070,
2018/11/29 14:12,快递员救五人,294957,
2018/11/29 14:12,四川网络水军案,274646,
2018/11/29 14:12,浙大女生被害案,252342,
2018/11/29 14:12,失踪女孩遗体找到,247971,NEW
2018/11/29 14:12,胡歌发文谈蒋劲夫,242443,
2018/11/29 14:12,湖北阳新县车祸,233573,NEW
2018/11/29 14:12,金立面临破产重组,229267,
2018/11/29 14:12,鹈鹕vs奇才,229202,NEW
2018/11/29 14:12,白宫红色圣诞树,221039,
2018/11/29 14:12,温格经纪人现身,215640,
2018/11/29 14:12,火箭4连败,214869,NEW
2018/11/29 14:12,男篮合并首战,212555,
2018/11/29 14:12,欧盟谴责俄罗斯,211912,NEW
2018/11/29 14:12,海南免税增至3万,206577,
2018/11/29 14:12,朱婷24岁生日,205163,NEW
2018/11/29 14:12,雷霆 骑士,187101,NEW
2018/11/29 14:12,威少三双历史第三,186201,NEW
2018/11/29 14:12,王霜亚洲足球小姐,184273,
2018/11/29 14:12,普京特朗普会谈,164862,
2018/11/29 14:12,中甲队欠薪3年,154127,NEW
2018/11/29 14:12,skt散伙饭,142558,
2018/11/29 14:12,梅西欧冠第106球,141079,
2018/11/29 14:12,骑士交易科沃尔,133430,
2018/11/29 14:12,陈羽凡吸毒辟谣,125203,
2018/11/29 14:12,杨幂被制成娃娃,120382,
2018/11/29 14:12,印度ofo收购,117940,
2018/11/29 14:12,铁建76亿元合同,114790,
2018/11/29 14:12,巴萨锁定头名,111769,
2018/11/29 14:12,奈雪怼喜茶抄袭,111319,
2018/11/29 14:12,贺建奎 基因峰会,110034,
2018/11/29 14:12,俄罗斯部署S400,107720,NEW
2018/11/29 14:12,酒店暗藏摄像头,104185,
2018/11/29 14:12,小宇泽角膜捐献,103799,
2018/11/29 14:12,苗侨伟晒全家福,101035,
2018/11/29 14:12,穆帅摔水瓶庆祝,101035,NEW
2018/11/29 14:12,贝克汉姆晒小七,100907,
2018/11/29 14:12,海南离岛旅客免税,99042,
2018/11/29 14:12,车艺莲父亲诈骗,98271,
2018/11/29 14:12,陈羽凡吸毒被抓,97307,
2018/11/29 14:27,白百何曝新恋情,473847,NEW
2018/11/29 14:27,蒋劲夫案件不属实,446906,
2018/11/29 14:27,胡海泉深夜再发声,391957,
2018/11/29 14:27,坚持抄完四大名著,384476,
2018/11/29 14:27,邓亚萍谈下跪门,350956,
2018/11/29 14:27,张韶涵神预言,344994,
2018/11/29 14:27,王源打脸彩虹屁,342969,NEW
2018/11/29 14:27,汉语加入俄高考,340832,NEW
2018/11/29 14:27,胡歌发文谈蒋劲夫,339032,
2018/11/29 14:27,蒋劲夫被逮捕,335883,
2018/11/29 14:27,俞灏明力挺蒋劲夫,331158,
2018/11/29 14:27,浙大女生被害案,315073,
2018/11/29 14:27,失踪女孩遗体找到,276040,NEW
2018/11/29 14:27,快递员救五人,264960,
2018/11/29 14:27,四川网络水军案,245950,
2018/11/29 14:27,高颜值女嫌犯自首,239707,
2018/11/29 14:27,景甜蔡徐坤撞脸,229133,
2018/11/29 14:27,醉酒乘客抢方向盘,227277,
2018/11/29 14:27,平台刷新闻赚现金,215691,NEW
2018/11/29 14:27,湖北阳新县车祸,211867,
2018/11/29 14:27,金立面临破产重组,207592,
2018/11/29 14:27,俄罗斯部署S400,200956,NEW
2018/11/29 14:27,白宫红色圣诞树,200393,
2018/11/29 14:27,温格经纪人现身,195331,
2018/11/29 14:27,火箭4连败,194656,
2018/11/29 14:27,男篮合并首战,193194,
2018/11/29 14:27,欧盟谴责俄罗斯,192125,NEW
2018/11/29 14:27,海南免税增至3万,188245,
2018/11/29 14:27,朱婷24岁生日,186164,NEW
2018/11/29 14:27,鹈鹕vs奇才,185826,NEW
2018/11/29 14:27,雷霆 骑士,170191,NEW
2018/11/29 14:27,威少三双历史第三,169910,NEW
2018/11/29 14:27,王霜亚洲足球小姐,167547,
2018/11/29 14:27,穆帅摔水瓶庆祝,162935,NEW
2018/11/29 14:27,普京特朗普会谈,150562,
2018/11/29 14:27,中甲队欠薪3年,140776,NEW
2018/11/29 14:27,skt散伙饭,130146,
2018/11/29 14:27,梅西欧冠第106球,129752,
2018/11/29 14:27,骑士交易科沃尔,123003,
2018/11/29 14:27,陈羽凡吸毒辟谣,116085,
2018/11/29 14:27,杨幂被制成娃娃,111361,
2018/11/29 14:27,印度ofo收购,109448,
2018/11/29 14:27,铁建76亿元合同,106636,
2018/11/29 14:27,巴萨锁定头名,104049,
2018/11/29 14:27,贺建奎 基因峰会,102530,
2018/11/29 14:27,小宇泽角膜捐献,97019,
2018/11/29 14:27,酒店暗藏摄像头,96906,
2018/11/29 14:27,苗侨伟晒全家福,94656,
2018/11/29 14:27,贝克汉姆晒小七,94488,
2018/11/29 14:27,海南离岛旅客免税,92857,
2018/11/29 14:42,白百何曝新恋情,490422,
2018/11/29 14:42,蒋劲夫案件不属实,485602,
2018/11/29 14:42,胡海泉深夜再发声,442665,
2018/11/29 14:42,坚持抄完四大名著,420747,
2018/11/29 14:42,俞灏明力挺蒋劲夫,383338,
2018/11/29 14:42,张韶涵神预言,382181,
2018/11/29 14:42,浙大女生被害案,381924,
2018/11/29 14:42,失踪女孩遗体找到,380124,NEW
2018/11/29 14:42,邓亚萍谈下跪门,359748,
2018/11/29 14:42,胡歌发文谈蒋劲夫,354220,
2018/11/29 14:42,男子高速扔烟头,320347,NEW
2018/11/29 14:42,蒋劲夫被逮捕,308584,
2018/11/29 14:42,王源打脸彩虹屁,301385,NEW
2018/11/29 14:42,快递员救五人,296307,
2018/11/29 14:42,汉语加入俄高考,279852,NEW
2018/11/29 14:42,四川网络水军案,265904,
2018/11/29 14:42,景甜蔡徐坤撞脸,256584,
2018/11/29 14:42,醉酒乘客抢方向盘,252792,
2018/11/29 14:42,罕见抗癌神药,245143,NEW
2018/11/29 14:42,平台刷新闻赚现金,241929,NEW
2018/11/29 14:42,湖北阳新县车祸,235437,
2018/11/29 14:42,金立面临破产重组,230424,
2018/11/29 14:42,高颜值女嫌犯自首,223353,
2018/11/29 14:42,白宫红色圣诞树,222453,
2018/11/29 14:42,俄罗斯部署S400,221875,NEW
2018/11/29 14:42,温格经纪人现身,216476,
2018/11/29 14:42,火箭4连败,215576,
2018/11/29 14:42,男篮合并首战,214226,
2018/11/29 14:42,欧盟谴责俄罗斯,212941,NEW
2018/11/29 14:42,海南免税增至3万,208313,
2018/11/29 14:42,朱婷24岁生日,205484,NEW
2018/11/29 14:42,鹈鹕vs奇才,204970,NEW
2018/11/29 14:42,雷霆 骑士,187166,NEW
2018/11/29 14:42,威少三双历史第三,186844,
2018/11/29 14:42,王霜亚洲足球小姐,184402,
2018/11/29 14:42,穆帅摔水瓶庆祝,180481,NEW
2018/11/29 14:42,普京特朗普会谈,165054,
2018/11/29 14:42,中甲队欠薪3年,153870,NEW
2018/11/29 14:42,梅西欧冠第106球,141144,
2018/11/29 14:42,skt散伙饭,134652,
2018/11/29 14:42,骑士交易科沃尔,133430,
2018/11/29 14:42,陈羽凡吸毒辟谣,125589,
2018/11/29 14:42,杨幂被制成娃娃,119868,
2018/11/29 14:42,巴萨锁定头名,111769,
2018/11/29 14:42,贺建奎 基因峰会,110034,
2018/11/29 14:42,印度ofo收购,104956,
2018/11/29 14:42,小宇泽角膜捐献,103735,
2018/11/29 14:42,酒店暗藏摄像头,103349,
2018/11/29 14:42,苗侨伟晒全家福,100971,
2018/11/29 14:42,贝克汉姆晒小七,100842,
2018/11/29 14:57,白百何曝新恋情,498521,
2018/11/29 14:57,蒋劲夫案件不属实,485987,
2018/11/29 14:57,胡海泉深夜再发声,445493,
2018/11/29 14:57,坚持抄完四大名著,418883,
2018/11/29 14:57,浙大女生被害案,383530,
2018/11/29 14:57,失踪女孩遗体找到,382052,NEW
2018/11/29 14:57,俞灏明力挺蒋劲夫,381602,
2018/11/29 14:57,巴黎2-1利物浦,381409,
2018/11/29 14:57,俄剿灭武装分子,376010,NEW
2018/11/29 14:57,四川网络水军案,375624,
2018/11/29 14:57,邓亚萍谈下跪门,359877,
2018/11/29 14:57,胡歌发文谈蒋劲夫,354863,
2018/11/29 14:57,蒋劲夫被逮捕,308713,
2018/11/29 14:57,快递员救五人,296564,
2018/11/29 14:57,王源打脸彩虹屁,289944,NEW
2018/11/29 14:57,汉语加入俄高考,286730,NEW
2018/11/29 14:57,张韶涵神预言,269504,
2018/11/29 14:57,男子高速扔烟头,262241,NEW
2018/11/29 14:57,罕见抗癌神药,259734,NEW
2018/11/29 14:57,景甜蔡徐坤撞脸,258834,
2018/11/29 14:57,醉酒乘客抢方向盘,253820,
2018/11/29 14:57,平台刷新闻赚现金,242765,NEW
2018/11/29 14:57,湖北阳新县车祸,235759,
2018/11/29 14:57,足协获草根足球奖,232545,NEW
2018/11/29 14:57,金立面临破产重组,230874,
2018/11/29 14:57,高颜值女嫌犯自首,227403,
2018/11/29 14:57,白宫红色圣诞树,223868,
2018/11/29 14:57,俄罗斯部署S400,221746,NEW
2018/11/29 14:57,温格经纪人现身,216540,
2018/11/29 14:57,火箭4连败,215704,
2018/11/29 14:57,男篮合并首战,214355,
2018/11/29 14:57,欧盟谴责俄罗斯,213198,
2018/11/29 14:57,海南免税增至3万,208634,
2018/11/29 14:57,朱婷24岁生日,205356,
2018/11/29 14:57,鹈鹕vs奇才,204649,NEW
2018/11/29 14:57,雷霆 骑士,186973,NEW
2018/11/29 14:57,威少三双历史第三,186973,
2018/11/29 14:57,王霜亚洲足球小姐,184402,
2018/11/29 14:57,穆帅摔水瓶庆祝,180031,NEW
2018/11/29 14:57,普京特朗普会谈,165054,
2018/11/29 14:57,中甲队欠薪3年,153870,
2018/11/29 14:57,梅西欧冠第106球,139794,
2018/11/29 14:57,骑士交易科沃尔,133430,
2018/11/29 14:57,陈羽凡吸毒辟谣,125653,
2018/11/29 14:57,杨幂被制成娃娃,119611,
2018/11/29 14:57,巴萨锁定头名,110998,
2018/11/29 14:57,贺建奎 基因峰会,110034,
2018/11/29 14:57,skt散伙饭,107077,
2018/11/29 14:57,小宇泽角膜捐献,103735,
2018/11/29 14:57,苗侨伟晒全家福,100842,
2018/11/29 15:12,白百何曝新恋情,467090,
2018/11/29 15:12,蒋劲夫案件不属实,455713,
2018/11/29 15:12,胡海泉深夜再发声,431802,
2018/11/29 15:12,坚持抄完四大名著,404485,
2018/11/29 15:12,失踪女孩遗体找到,384109,NEW
2018/11/29 15:12,浙大女生被害案,373053,
2018/11/29 15:12,张韶涵神预言,371704,
2018/11/29 15:12,王源打脸彩虹屁,363605,NEW
2018/11/29 15:12,汉语加入俄高考,361998,NEW
2018/11/29 15:12,快递员救五人,356213,
2018/11/29 15:12,男子高速扔烟头,342779,NEW
2018/11/29 15:12,罕见抗癌神药,335966,NEW
2018/11/29 15:12,蒋劲夫被逮捕,308970,
2018/11/29 15:12,邓亚萍谈下跪门,291872,
2018/11/29 15:12,俞灏明力挺蒋劲夫,288723,
2018/11/29 15:12,胡歌发文谈蒋劲夫,281845,
2018/11/29 15:12,景甜蔡徐坤撞脸,260827,
2018/11/29 15:12,醉酒乘客抢方向盘,254463,
2018/11/29 15:12,四川网络水军案,246814,
2018/11/29 15:12,平台刷新闻赚现金,244243,NEW
2018/11/29 15:12,湖北阳新县车祸,236273,
2018/11/29 15:12,金立面临破产重组,231388,
2018/11/29 15:12,高颜值女嫌犯自首,230231,
2018/11/29 15:12,白宫红色圣诞树,225539,
2018/11/29 15:12,俄罗斯部署S400,222518,NEW
2018/11/29 15:12,温格经纪人现身,216604,
2018/11/29 15:12,火箭4连败,215833,
2018/11/29 15:12,男篮合并首战,214355,
2018/11/29 15:12,欧盟谴责俄罗斯,213005,
2018/11/29 15:12,海南免税增至3万,208763,
2018/11/29 15:12,朱婷24岁生日,205420,
2018/11/29 15:12,威少三双历史第三,186973,
2018/11/29 15:12,雷霆 骑士,186844,NEW
2018/11/29 15:12,穆帅摔水瓶庆祝,179710,NEW
2018/11/29 15:12,鹈鹕vs奇才,176753,NEW
2018/11/29 15:12,王霜亚洲足球小姐,171225,
2018/11/29 15:12,普京特朗普会谈,165054,
2018/11/29 15:12,足协获草根足球奖,159591,NEW
2018/11/29 15:12,中甲队欠薪3年,153870,
2018/11/29 15:12,俄剿灭武装分子,152585,NEW
2018/11/29 15:12,骑士交易科沃尔,133430,
2018/11/29 15:12,巴黎2-1利物浦,131116,
2018/11/29 15:12,陈羽凡吸毒辟谣,125653,
2018/11/29 15:12,梅西欧冠第106球,123596,
2018/11/29 15:12,杨幂被制成娃娃,119225,
2018/11/29 15:12,张家口爆炸通报,113055,NEW
2018/11/29 15:12,小宇泽角膜捐献,103606,
2018/11/29 15:12,苗侨伟晒全家福,100778,
2018/11/29 15:12,贝克汉姆晒小七,100649,
2018/11/29 15:12,skt散伙饭,100135,
2018/11/29 15:27,白百何曝新恋情,479624,
2018/11/29 15:27,蒋劲夫案件不属实,461626,
2018/11/29 15:27,胡海泉深夜再发声,435980,
2018/11/29 15:27,坚持抄完四大名著,412198,
2018/11/29 15:27,浙大女生被害案,391758,
2018/11/29 15:27,失踪女孩遗体找到,378195,
2018/11/29 15:27,邓亚萍谈下跪门,366111,
2018/11/29 15:27,男子高速扔烟头,363348,NEW
2018/11/29 15:27,罕见抗癌神药,362962,NEW
2018/11/29 15:27,蒋劲夫被逮捕,356791,
2018/11/29 15:27,张韶涵神预言,345736,
2018/11/29 15:27,俞灏明力挺蒋劲夫,340337,
2018/11/29 15:27,胡歌发文谈蒋劲夫,308970,
2018/11/29 15:27,王源打脸彩虹屁,292965,NEW
2018/11/29 15:27,汉语加入俄高考,290072,NEW
2018/11/29 15:27,快递员救五人,272203,
2018/11/29 15:27,张家口爆炸通报,264555,NEW
2018/11/29 15:27,景甜蔡徐坤撞脸,261341,
2018/11/29 15:27,醉酒乘客抢方向盘,254977,
2018/11/29 15:27,平台刷新闻赚现金,244372,NEW
2018/11/29 15:27,四川网络水军案,240322,
2018/11/29 15:27,湖北阳新县车祸,237237,
2018/11/29 15:27,海关允许大米进口,234216,NEW
2018/11/29 15:27,高颜值女嫌犯自首,232095,
2018/11/29 15:27,金立面临破产重组,231452,
2018/11/29 15:27,白宫红色圣诞树,225603,
2018/11/29 15:27,俄罗斯部署S400,222711,NEW
2018/11/29 15:27,温格经纪人现身,216669,
2018/11/29 15:27,火箭4连败,215833,
2018/11/29 15:27,欧盟谴责俄罗斯,213198,
2018/11/29 15:27,携号转网新流程,212876,NEW
2018/11/29 15:27,男篮合并首战,211205,
2018/11/29 15:27,海南免税增至3万,208763,
2018/11/29 15:27,朱婷24岁生日,205356,
2018/11/29 15:27,足协获草根足球奖,196871,NEW
2018/11/29 15:27,威少三双历史第三,187037,
2018/11/29 15:27,雷霆 骑士,186844,
2018/11/29 15:27,俄剿灭武装分子,185559,NEW
2018/11/29 15:27,穆帅摔水瓶庆祝,179645,NEW
2018/11/29 15:27,鹈鹕vs奇才,176560,NEW
2018/11/29 15:27,普京特朗普会谈,165054,
2018/11/29 15:27,王霜亚洲足球小姐,164412,
2018/11/29 15:27,中甲队欠薪3年,153870,
2018/11/29 15:27,骑士交易科沃尔,133430,
2018/11/29 15:27,巴黎2-1利物浦,130538,
2018/11/29 15:27,陈羽凡吸毒辟谣,125460,
2018/11/29 15:27,杨幂被制成娃娃,118840,
2018/11/29 15:27,梅西欧冠第106球,117426,
2018/11/29 15:27,小宇泽角膜捐献,103542,
2018/11/29 15:27,苗侨伟晒全家福,100714,
2018/11/29 15:42,蒋劲夫案件不属实,465804,
2018/11/29 15:42,白百何曝新恋情,463619,
2018/11/29 15:42,胡海泉深夜再发声,435080,
2018/11/29 15:42,坚持抄完四大名著,408855,
2018/11/29 15:42,浙大女生被害案,392208,
2018/11/29 15:42,邓亚萍谈下跪门,369197,
2018/11/29 15:42,俞灏明力挺蒋劲夫,363412,
2018/11/29 15:42,胡歌发文谈蒋劲夫,356856,
2018/11/29 15:42,失踪女孩遗体找到,352678,
2018/11/29 15:42,男子高速扔烟头,351199,NEW
2018/11/29 15:42,张韶涵神预言,346829,
2018/11/29 15:42,罕见抗癌神药,343936,NEW
2018/11/29 15:42,蒋劲夫被逮捕,309034,
2018/11/29 15:42,王源打脸彩虹屁,294700,NEW
2018/11/29 15:42,汉语加入俄高考,290972,NEW
2018/11/29 15:42,景甜蔡徐坤撞脸,263783,
2018/11/29 15:42,醉酒乘客抢方向盘,255299,
2018/11/29 15:42,快递员救五人,251185,
2018/11/29 15:42,平台刷新闻赚现金,245979,
2018/11/29 15:42,奶奶能举80斤水缸,243215,NEW
2018/11/29 15:42,湖北阳新县车祸,237366,
2018/11/29 15:42,高颜值女嫌犯自首,233573,
2018/11/29 15:42,白宫红色圣诞树,226310,
2018/11/29 15:42,四川网络水军案,224189,
2018/11/29 15:42,俄罗斯部署S400,223482,NEW
2018/11/29 15:42,金立面临破产重组,223289,
2018/11/29 15:42,温格经纪人现身,216669,
2018/11/29 15:42,火箭4连败,215833,
2018/11/29 15:42,男篮合并首战,213326,
2018/11/29 15:42,欧盟谴责俄罗斯,213198,
2018/11/29 15:42,张家口爆炸通报,209534,NEW
2018/11/29 15:42,海南免税增至3万,208827,
2018/11/29 15:42,朱婷24岁生日,205356,
2018/11/29 15:42,海关允许大米进口,204842,NEW
2018/11/29 15:42,足协获草根足球奖,198221,NEW
2018/11/29 15:42,威少三双历史第三,187037,
2018/11/29 15:42,携号转网新流程,186909,NEW
2018/11/29 15:42,雷霆 骑士,186780,
2018/11/29 15:42,俄剿灭武装分子,185623,NEW
2018/11/29 15:42,穆帅摔水瓶庆祝,179452,NEW
2018/11/29 15:42,鹈鹕vs奇才,176367,
2018/11/29 15:42,普京特朗普会谈,165054,
2018/11/29 15:42,微信清理恶意账号,154835,NEW
2018/11/29 15:42,中甲队欠薪3年,153999,
2018/11/29 15:42,王霜亚洲足球小姐,142751,
2018/11/29 15:42,骑士交易科沃尔,133430,
2018/11/29 15:42,巴黎2-1利物浦,130217,
2018/11/29 15:42,陈羽凡吸毒辟谣,125396,
2018/11/29 15:42,杨幂被制成娃娃,118325,
2018/11/29 15:42,小宇泽角膜捐献,103413,
2018/11/29 15:57,李玉刚遭粉丝拆台,457577,NEW
2018/11/29 15:57,坚持抄完四大名著,411234,
2018/11/29 15:57,浙大女生被害案,403328,
2018/11/29 15:57,宝蓝不与iG续约,399857,NEW
2018/11/29 15:57,邓亚萍谈下跪门,370354,
2018/11/29 15:57,失踪女孩遗体找到,360198,
2018/11/29 15:57,男子高速扔烟头,353578,NEW
2018/11/29 15:57,微信清理恶意账号,344643,NEW
2018/11/29 15:57,湖北阳新县车祸,335902,
2018/11/29 15:57,快递员救五人,312312,
2018/11/29 15:57,蒋劲夫被逮捕,299264,
2018/11/29 15:57,王源打脸彩虹屁,297078,NEW
2018/11/29 15:57,汉语加入俄高考,291358,NEW
2018/11/29 15:57,景甜蔡徐坤撞脸,265262,
2018/11/29 15:57,醉酒乘客抢方向盘,255749,
2018/11/29 15:57,平台刷新闻赚现金,246300,
2018/11/29 15:57,罕见抗癌神药,238137,NEW
2018/11/29 15:57,张韶涵神预言,237494,
2018/11/29 15:57,奶奶能举80斤水缸,236594,NEW
2018/11/29 15:57,高颜值女嫌犯自首,234345,
2018/11/29 15:57,白宫红色圣诞树,227017,
2018/11/29 15:57,俄罗斯部署S400,223482,
2018/11/29 15:57,温格经纪人现身,216926,
2018/11/29 15:57,火箭4连败,215833,
2018/11/29 15:57,四川网络水军案,214933,
2018/11/29 15:57,金立面临破产重组,213262,
2018/11/29 15:57,欧盟谴责俄罗斯,213198,
2018/11/29 15:57,男篮合并首战,213005,
2018/11/29 15:57,张家口爆炸通报,212748,NEW
2018/11/29 15:57,海南免税增至3万,208827,
2018/11/29 15:57,朱婷24岁生日,205420,
2018/11/29 15:57,海关允许大米进口,200021,NEW
2018/11/29 15:57,足协获草根足球奖,198157,NEW
2018/11/29 15:57,威少三双历史第三,187037,
2018/11/29 15:57,雷霆 骑士,186780,
2018/11/29 15:57,俄剿灭武装分子,185494,NEW
2018/11/29 15:57,携号转网新流程,179902,NEW
2018/11/29 15:57,穆帅摔水瓶庆祝,179388,
2018/11/29 15:57,鹈鹕vs奇才,176303,
2018/11/29 15:57,普京特朗普会谈,163126,
2018/11/29 15:57,中甲队欠薪3年,153999,
2018/11/29 15:57,王霜亚洲足球小姐,135294,
2018/11/29 15:57,骑士交易科沃尔,130924,
2018/11/29 15:57,巴黎2-1利物浦,130024,
2018/11/29 15:57,陈羽凡吸毒辟谣,125332,
2018/11/29 15:57,小宇泽角膜捐献,103413,
2018/11/29 15:57,苗侨伟晒全家福,100521,
2018/11/29 15:57,贝克汉姆晒小七,99942,
2018/11/29 15:57,铁建76亿元合同,98078,
2018/11/29 15:57,杨幂被制成娃娃,97564,
2018/11/29 16:12,李玉刚遭粉丝拆台,485527,NEW
2018/11/29 16:12,浙大女生被害案,472329,
2018/11/29 16:12,坚持抄完四大名著,465430,
2018/11/29 16:12,邓亚萍谈下跪门,426662,
2018/11/29 16:12,失踪女孩遗体找到,403116,
2018/11/29 16:12,宝蓝不与iG续约,398016,NEW
2018/11/29 16:12,罕见抗癌神药,395992,NEW
2018/11/29 16:12,蒋劲夫被逮捕,376270,
2018/11/29 16:12,醉酒乘客抢方向盘,372071,
2018/11/29 16:12,平台刷新闻赚现金,340876,
2018/11/29 16:12,奶奶能举80斤水缸,339601,NEW
2018/11/29 16:12,汉语加入俄高考,332777,NEW
2018/11/29 16:12,景甜蔡徐坤撞脸,302782,
2018/11/29 16:12,男子高速扔烟头,295884,NEW
2018/11/29 16:12,张韶涵神预言,290109,
2018/11/29 16:12,王源打脸彩虹屁,279761,NEW
2018/11/29 16:12,湖北阳新县车祸,268888,
2018/11/29 16:12,高颜值女嫌犯自首,266788,
2018/11/29 16:12,微信清理恶意账号,261314,NEW
2018/11/29 16:12,白宫红色圣诞树,257190,
2018/11/29 16:12,俄罗斯部署S400,252616,
2018/11/29 16:12,温格经纪人现身,244742,
2018/11/29 16:12,火箭4连败,243467,
2018/11/29 16:12,欧盟谴责俄罗斯,240393,
2018/11/29 16:12,快递员救五人,240318,
2018/11/29 16:12,男篮合并首战,240093,
2018/11/29 16:12,张家口爆炸通报,239868,NEW
2018/11/29 16:12,海南免税增至3万,235519,
2018/11/29 16:12,朱婷24岁生日,231319,
2018/11/29 16:12,海关允许大米进口,225470,NEW
2018/11/29 16:12,足协获草根足球奖,222621,NEW
2018/11/29 16:12,四川网络水军案,213847,
2018/11/29 16:12,威少三双历史第三,209873,
2018/11/29 16:12,雷霆 骑士,209573,
2018/11/29 16:12,俄剿灭武装分子,208223,NEW
2018/11/29 16:12,携号转网新流程,201849,NEW
2018/11/29 16:12,穆帅摔水瓶庆祝,200949,
2018/11/29 16:12,金立面临破产重组,198550,
2018/11/29 16:12,鹈鹕vs奇才,197275,
2018/11/29 16:12,中甲队欠薪3年,171329,
2018/11/29 16:12,普京特朗普会谈,166230,
2018/11/29 16:12,巴黎2-1利物浦,143209,
2018/11/29 16:12,骑士交易科沃尔,123262,
2018/11/29 16:12,王霜亚洲足球小姐,118688,
2018/11/29 16:12,陈羽凡吸毒辟谣,111939,
2018/11/29 16:12,小宇泽角膜捐献,111789,
2018/11/29 16:12,苗侨伟晒全家福,108790,
2018/11/29 16:12,贝克汉姆晒小七,107665,
2018/11/29 16:12,铁建76亿元合同,105715,
2018/11/29 16:12,杨幂被制成娃娃,105265,
2018/11/29 16:27,浙大女生被害案,440094,
2018/11/29 16:27,蒋梦婕道歉,433409,NEW
2018/11/29 16:27,大导演昆汀结婚,428395,NEW
2018/11/29 16:27,李玉刚遭粉丝拆台,409241,NEW
2018/11/29 16:27,坚持抄完四大名著,404677,
2018/11/29 16:27,宝蓝不与iG续约,390151,NEW
2018/11/29 16:27,邓亚萍谈下跪门,383595,
2018/11/29 16:27,张韶涵神预言,351971,
2018/11/29 16:27,王源打脸彩虹屁,348693,
2018/11/29 16:27,汉语加入俄高考,331209,
2018/11/29 16:27,罕见抗癌神药,319961,NEW
2018/11/29 16:27,失踪女孩遗体找到,303828,
2018/11/29 16:27,男子高速扔烟头,293158,NEW
2018/11/29 16:27,奶奶能举80斤水缸,290072,NEW
2018/11/29 16:27,景甜蔡徐坤撞脸,270982,
2018/11/29 16:27,醉酒乘客抢方向盘,256970,
2018/11/29 16:27,平台刷新闻赚现金,249964,
2018/11/29 16:27,微信清理恶意账号,237751,NEW
2018/11/29 16:27,高颜值女嫌犯自首,237430,
2018/11/29 16:27,白宫红色圣诞树,228495,
2018/11/29 16:27,蒋劲夫被逮捕,227403,
2018/11/29 16:27,俄罗斯部署S400,225089,
2018/11/29 16:27,湖北阳新县车祸,218661,
2018/11/29 16:27,温格经纪人现身,216990,
2018/11/29 16:27,男篮合并首战,213519,
2018/11/29 16:27,欧盟谴责俄罗斯,213390,
2018/11/29 16:27,张家口爆炸通报,212812,NEW
2018/11/29 16:27,快递员救五人,207220,
2018/11/29 16:27,朱婷24岁生日,205420,
2018/11/29 16:27,海南免税增至3万,202463,
2018/11/29 16:27,火箭4连败,200921,
2018/11/29 16:27,海关允许大米进口,200407,NEW
2018/11/29 16:27,足协获草根足球奖,197836,NEW
2018/11/29 16:27,威少三双历史第三,187037,
2018/11/29 16:27,雷霆 骑士,186780,
2018/11/29 16:27,俄剿灭武装分子,185494,NEW
2018/11/29 16:27,四川网络水军案,183052,
2018/11/29 16:27,携号转网新流程,180095,NEW
2018/11/29 16:27,穆帅摔水瓶庆祝,179388,
2018/11/29 16:27,鹈鹕vs奇才,176174,
2018/11/29 16:27,金立面临破产重组,164347,
2018/11/29 16:27,中甲队欠薪3年,153999,
2018/11/29 16:27,普京特朗普会谈,150142,
2018/11/29 16:27,巴黎2-1利物浦,129767,
2018/11/29 16:27,王霜亚洲足球小姐,106884,
2018/11/29 16:27,骑士交易科沃尔,106820,
2018/11/29 16:27,小宇泽角膜捐献,102963,
2018/11/29 16:27,苗侨伟晒全家福,100392,
2018/11/29 16:27,陈羽凡吸毒辟谣,99621,
2018/11/29 16:27,贝克汉姆晒小七,99171,
2018/11/29 16:42,浙大女生被害案,489651,
2018/11/29 16:42,坚持抄完四大名著,453282,
2018/11/29 16:42,李玉刚遭粉丝拆台,443609,NEW
2018/11/29 16:42,蒋梦婕道歉,440234,NEW
2018/11/29 16:42,邓亚萍谈下跪门,410839,
2018/11/29 16:42,罕见抗癌神药,405890,
2018/11/29 16:42,宝蓝不与iG续约,402816,NEW
2018/11/29 16:42,失踪女孩遗体找到,384819,
2018/11/29 16:42,男子高速扔烟头,379420,
2018/11/29 16:42,大导演昆汀结婚,378070,NEW
2018/11/29 16:42,张韶涵神预言,348675,
2018/11/29 16:42,王源打脸彩虹屁,347850,
2018/11/29 16:42,汉语加入俄高考,334052,
2018/11/29 16:42,奶奶能举80斤水缸,331353,NEW
2018/11/29 16:42,景甜蔡徐坤撞脸,310581,
2018/11/29 16:42,醉酒乘客抢方向盘,291534,
2018/11/29 16:42,平台刷新闻赚现金,284635,
2018/11/29 16:42,微信清理恶意账号,272787,NEW
2018/11/29 16:42,高颜值女嫌犯自首,270763,
2018/11/29 16:42,白宫红色圣诞树,258540,
2018/11/29 16:42,俄罗斯部署S400,255390,
2018/11/29 16:42,温格经纪人现身,245267,
2018/11/29 16:42,男篮合并首战,241368,
2018/11/29 16:42,欧盟谴责俄罗斯,240693,
2018/11/29 16:42,张家口爆炸通报,240393,NEW
2018/11/29 16:42,湖北阳新县车祸,230494,
2018/11/29 16:42,海关允许大米进口,225320,NEW
2018/11/29 16:42,火箭4连败,222246,
2018/11/29 16:42,足协获草根足球奖,222246,NEW
2018/11/29 16:42,蒋劲夫被逮捕,219996,
2018/11/29 16:42,朱婷24岁生日,217522,
2018/11/29 16:42,海南免税增至3万,215872,
2018/11/29 16:42,雷霆 骑士,209648,
2018/11/29 16:42,威少三双历史第三,208298,
2018/11/29 16:42,俄剿灭武装分子,208073,NEW
2018/11/29 16:42,快递员救五人,206873,
2018/11/29 16:42,携号转网新流程,201849,NEW
2018/11/29 16:42,穆帅摔水瓶庆祝,201099,
2018/11/29 16:42,鹈鹕vs奇才,197275,
2018/11/29 16:42,四川网络水军案,189401,
2018/11/29 16:42,南山半马处罚名单,182652,NEW
2018/11/29 16:42,普京特朗普会谈,166830,
2018/11/29 16:42,中甲队欠薪3年,163381,
2018/11/29 16:42,金立面临破产重组,144334,
2018/11/29 16:42,巴黎2-1利物浦,142984,
2018/11/29 16:42,特朗普边境建墙,122662,NEW
2018/11/29 16:42,王霜亚洲足球小姐,115914,
2018/11/29 16:42,小宇泽角膜捐献,111639,
2018/11/29 16:42,苗侨伟晒全家福,108490,
2018/11/29 16:42,陈羽凡吸毒辟谣,107740,
